Fetched All Books,2022-05-12 00:29:21
Fetched All Authors,2022-05-12 00:29:21
Fetched All Authors,2022-05-12 00:29:21
Fetched All Authors,2022-05-12 00:29:21
Fetched All Authors,2022-05-12 00:29:21
Fetched All Authors,2022-05-12 00:29:21
Added Authors,2022-05-12 00:29:21
Fetched All Authors,2022-05-12 00:29:21
Added Authors,2022-05-12 00:29:21
Fetched All Authors,2022-05-12 00:29:21
Added Authors,2022-05-12 00:29:21
Added Books,2022-05-12 00:29:21
Fetched All Books,2022-05-12 00:29:21
Fetched All Authors,2022-05-12 00:29:21
Fetched All Authors,2022-05-12 00:29:21
Fetched All Authors,2022-05-12 00:29:21
Fetched All Authors,2022-05-12 00:29:21
Fetched All Authors,2022-05-12 00:29:21
Fetched All Authors,2022-05-12 00:29:21
Added Authors,2022-05-12 00:29:21
Fetched All Authors,2022-05-12 00:29:21
Added Authors,2022-05-12 00:29:21
Added Books,2022-05-12 00:29:21
Fetched All Books,2022-05-12 00:29:21
Fetched All Authors,2022-05-12 00:29:21
Fetched All Authors,2022-05-12 00:29:21
Fetched All Authors,2022-05-12 00:29:21
Fetched All Authors,2022-05-12 00:29:21
Fetched All Authors,2022-05-12 00:29:21
Fetched Books By Title,2022-05-12 00:29:21
Fetched All Books,2022-05-12 00:29:21
Fetched All Authors,2022-05-12 00:29:21
Fetched All Authors,2022-05-12 00:29:21
Fetched All Authors,2022-05-12 00:29:21
Fetched All Authors,2022-05-12 00:29:21
Fetched All Authors,2022-05-12 00:29:21
Fetched Books By Author Name,2022-05-12 00:29:21
Fetched All Books,2022-05-12 00:29:21
Fetched All Authors,2022-05-12 00:29:21
Fetched All Authors,2022-05-12 00:29:21
Fetched All Authors,2022-05-12 00:29:21
Fetched All Authors,2022-05-12 00:29:21
Fetched All Authors,2022-05-12 00:29:21
Fetched Books By Category,2022-05-12 00:29:21
Fetched All Books,2022-05-12 00:29:21
Fetched All Authors,2022-05-12 00:29:21
Fetched All Authors,2022-05-12 00:29:21
Fetched All Authors,2022-05-12 00:29:21
Fetched All Authors,2022-05-12 00:29:21
Fetched All Authors,2022-05-12 00:29:21
Fetched Novels By Genre,2022-05-12 00:29:21
Fetched All Books,2022-05-12 00:29:21
Fetched All Authors,2022-05-12 00:29:21
Fetched All Authors,2022-05-12 00:29:21
Fetched All Authors,2022-05-12 00:29:21
Fetched All Authors,2022-05-12 00:29:21
Fetched All Authors,2022-05-12 00:29:21
Fetched All Books,2022-05-12 00:29:21
Fetched All Authors,2022-05-12 00:29:21
Fetched All Authors,2022-05-12 00:29:21
Fetched All Authors,2022-05-12 00:29:21
Fetched All Authors,2022-05-12 00:29:21
Fetched All Authors,2022-05-12 00:29:21
Fetched All Authors,2022-05-12 00:29:21
Deleted Authors,2022-05-12 00:29:21
Deleted Books,2022-05-12 00:29:21
Fetched All Books,2022-05-12 00:29:21
Fetched All Authors,2022-05-12 00:29:21
Fetched All Authors,2022-05-12 00:29:21
Fetched All Authors,2022-05-12 00:29:21
Fetched All Authors,2022-05-12 00:29:21
Fetched All Members,2022-05-12 00:29:21
Fetched Books By Title,2022-05-12 00:29:21
Fetched All Books,2022-05-12 00:29:21
Fetched All Authors,2022-05-12 00:29:21
Fetched All Authors,2022-05-12 00:29:21
Fetched All Authors,2022-05-12 00:29:21
Fetched All Authors,2022-05-12 00:29:21
Fetched Books By Title,2022-05-12 00:29:21
Fetched All Books,2022-05-12 00:29:21
Fetched All Authors,2022-05-12 00:29:21
Fetched All Authors,2022-05-12 00:29:21
Fetched All Authors,2022-05-12 00:29:21
Fetched All Authors,2022-05-12 00:29:21
Fetched Books By Title,2022-05-12 00:29:21
Fetched All Books,2022-05-12 00:29:21
Fetched All Authors,2022-05-12 00:29:21
Fetched All Authors,2022-05-12 00:29:21
Fetched All Authors,2022-05-12 00:29:21
Fetched All Authors,2022-05-12 00:29:21
Fetched Books By Title,2022-05-12 00:29:21
Fetched All Books,2022-05-12 00:29:21
Fetched All Authors,2022-05-12 00:29:21
Fetched All Authors,2022-05-12 00:29:21
Fetched All Authors,2022-05-12 00:29:21
Fetched All Authors,2022-05-12 00:29:21
Fetched Books By Title,2022-05-12 00:29:21
Fetched All Books,2022-05-12 00:29:21
Fetched All Authors,2022-05-12 00:29:21
Fetched All Authors,2022-05-12 00:29:21
Fetched All Authors,2022-05-12 00:29:21
Fetched All Authors,2022-05-12 00:29:21
Fetched Books By Title,2022-05-12 00:29:21
Fetched All Books,2022-05-12 00:29:21
Fetched All Authors,2022-05-12 00:29:21
Fetched All Authors,2022-05-12 00:29:21
Fetched All Authors,2022-05-12 00:29:21
Fetched All Authors,2022-05-12 00:29:21
Added Members,2022-05-12 00:29:21
Fetched All Members,2022-05-12 00:29:21
Fetched Books By Title,2022-05-12 00:29:21
Fetched All Books,2022-05-12 00:29:21
Fetched All Authors,2022-05-12 00:29:21
Fetched All Authors,2022-05-12 00:29:21
Fetched All Authors,2022-05-12 00:29:21
Fetched All Authors,2022-05-12 00:29:21
Fetched Books By Title,2022-05-12 00:29:21
Fetched All Books,2022-05-12 00:29:21
Fetched All Authors,2022-05-12 00:29:21
Fetched All Authors,2022-05-12 00:29:21
Fetched All Authors,2022-05-12 00:29:21
Fetched All Authors,2022-05-12 00:29:21
Fetched Books By Title,2022-05-12 00:29:21
Fetched All Books,2022-05-12 00:29:21
Fetched All Authors,2022-05-12 00:29:21
Fetched All Authors,2022-05-12 00:29:21
Fetched All Authors,2022-05-12 00:29:21
Fetched All Authors,2022-05-12 00:29:21
Fetched Books By Title,2022-05-12 00:29:21
Fetched All Books,2022-05-12 00:29:21
Fetched All Authors,2022-05-12 00:29:21
Fetched All Authors,2022-05-12 00:29:21
Fetched All Authors,2022-05-12 00:29:21
Fetched All Authors,2022-05-12 00:29:21
Fetched Books By Title,2022-05-12 00:29:21
Fetched All Books,2022-05-12 00:29:21
Fetched All Authors,2022-05-12 00:29:21
Fetched All Authors,2022-05-12 00:29:21
Fetched All Authors,2022-05-12 00:29:21
Fetched All Authors,2022-05-12 00:29:21
Fetched Books By Title,2022-05-12 00:29:21
Fetched All Books,2022-05-12 00:29:21
Fetched All Authors,2022-05-12 00:29:21
Fetched All Authors,2022-05-12 00:29:21
Fetched All Authors,2022-05-12 00:29:21
Fetched All Authors,2022-05-12 00:29:21
Added Members,2022-05-12 00:29:21
Fetched Member By Id,2022-05-12 00:29:21
Fetched All Members,2022-05-12 00:29:21
Fetched Books By Title,2022-05-12 00:29:21
Fetched All Books,2022-05-12 00:29:21
Fetched All Authors,2022-05-12 00:29:21
Fetched All Authors,2022-05-12 00:29:21
Fetched All Authors,2022-05-12 00:29:21
Fetched All Authors,2022-05-12 00:29:21
Fetched Books By Title,2022-05-12 00:29:21
Fetched All Books,2022-05-12 00:29:21
Fetched All Authors,2022-05-12 00:29:21
Fetched All Authors,2022-05-12 00:29:21
Fetched All Authors,2022-05-12 00:29:21
Fetched All Authors,2022-05-12 00:29:22
Fetched Books By Title,2022-05-12 00:29:22
Fetched All Books,2022-05-12 00:29:22
Fetched All Authors,2022-05-12 00:29:22
Fetched All Authors,2022-05-12 00:29:22
Fetched All Authors,2022-05-12 00:29:22
Fetched All Authors,2022-05-12 00:29:22
Fetched Books By Title,2022-05-12 00:29:22
Fetched All Books,2022-05-12 00:29:22
Fetched All Authors,2022-05-12 00:29:22
Fetched All Authors,2022-05-12 00:29:22
Fetched All Authors,2022-05-12 00:29:22
Fetched All Authors,2022-05-12 00:29:22
Fetched Books By Title,2022-05-12 00:29:22
Fetched All Books,2022-05-12 00:29:22
Fetched All Authors,2022-05-12 00:29:22
Fetched All Authors,2022-05-12 00:29:22
Fetched All Authors,2022-05-12 00:29:22
Fetched All Authors,2022-05-12 00:29:22
Fetched Books By Title,2022-05-12 00:29:22
Fetched All Books,2022-05-12 00:29:22
Fetched All Authors,2022-05-12 00:29:22
Fetched All Authors,2022-05-12 00:29:22
Fetched All Authors,2022-05-12 00:29:22
Fetched All Authors,2022-05-12 00:29:22
Added Borrowed Book To Member,2022-05-12 00:29:22
Added Borrowed Book To Member,2022-05-12 00:29:22
Fetched Member By Id,2022-05-12 00:29:22
Fetched All Members,2022-05-12 00:29:22
Fetched Books By Title,2022-05-12 00:29:22
Fetched All Books,2022-05-12 00:29:22
Fetched All Authors,2022-05-12 00:29:22
Fetched All Authors,2022-05-12 00:29:22
Fetched All Authors,2022-05-12 00:29:22
Fetched All Authors,2022-05-12 00:29:22
Fetched Books By Title,2022-05-12 00:29:22
Fetched All Books,2022-05-12 00:29:22
Fetched All Authors,2022-05-12 00:29:22
Fetched All Authors,2022-05-12 00:29:22
Fetched All Authors,2022-05-12 00:29:22
Fetched All Authors,2022-05-12 00:29:22
Fetched Books By Title,2022-05-12 00:29:22
Fetched All Books,2022-05-12 00:29:22
Fetched All Authors,2022-05-12 00:29:22
Fetched All Authors,2022-05-12 00:29:22
Fetched All Authors,2022-05-12 00:29:22
Fetched All Authors,2022-05-12 00:29:22
Fetched Books By Title,2022-05-12 00:29:22
Fetched All Books,2022-05-12 00:29:22
Fetched All Authors,2022-05-12 00:29:22
Fetched All Authors,2022-05-12 00:29:22
Fetched All Authors,2022-05-12 00:29:22
Fetched All Authors,2022-05-12 00:29:22
Fetched Books By Title,2022-05-12 00:29:22
Fetched All Books,2022-05-12 00:29:22
Fetched All Authors,2022-05-12 00:29:22
Fetched All Authors,2022-05-12 00:29:22
Fetched All Authors,2022-05-12 00:29:22
Fetched All Authors,2022-05-12 00:29:22
Fetched Books By Title,2022-05-12 00:29:22
Fetched All Books,2022-05-12 00:29:22
Fetched All Authors,2022-05-12 00:29:22
Fetched All Authors,2022-05-12 00:29:22
Fetched All Authors,2022-05-12 00:29:22
Fetched All Authors,2022-05-12 00:29:22
Added Borrowed Book To Member,2022-05-12 00:29:22
Returned Borrowed Books,2022-05-12 00:29:22
Fetched All Members,2022-05-12 00:29:22
Fetched Books By Title,2022-05-12 00:29:22
Fetched All Books,2022-05-12 00:29:22
Fetched All Authors,2022-05-12 00:29:22
Fetched All Authors,2022-05-12 00:29:22
Fetched All Authors,2022-05-12 00:29:22
Fetched All Authors,2022-05-12 00:29:22
Fetched Books By Title,2022-05-12 00:29:22
Fetched All Books,2022-05-12 00:29:22
Fetched All Authors,2022-05-12 00:29:22
Fetched All Authors,2022-05-12 00:29:22
Fetched All Authors,2022-05-12 00:29:22
Fetched All Authors,2022-05-12 00:29:22
Fetched Books By Title,2022-05-12 00:29:22
Fetched All Books,2022-05-12 00:29:22
Fetched All Authors,2022-05-12 00:29:22
Fetched All Authors,2022-05-12 00:29:22
Fetched All Authors,2022-05-12 00:29:22
Fetched All Authors,2022-05-12 00:29:22
Fetched Books By Title,2022-05-12 00:29:22
Fetched All Books,2022-05-12 00:29:22
Fetched All Authors,2022-05-12 00:29:22
Fetched All Authors,2022-05-12 00:29:22
Fetched All Authors,2022-05-12 00:29:22
Fetched All Authors,2022-05-12 00:29:22
Fetched Books By Title,2022-05-12 00:29:22
Fetched All Books,2022-05-12 00:29:22
Fetched All Authors,2022-05-12 00:29:22
Fetched All Authors,2022-05-12 00:29:22
Fetched All Authors,2022-05-12 00:29:22
Fetched All Authors,2022-05-12 00:29:22
Fetched Books By Title,2022-05-12 00:29:22
Fetched All Books,2022-05-12 00:29:22
Fetched All Authors,2022-05-12 00:29:22
Fetched All Authors,2022-05-12 00:29:22
Fetched All Authors,2022-05-12 00:29:22
Fetched All Authors,2022-05-12 00:29:22
Fetched Member By Id,2022-05-12 00:29:22
Fetched All Members,2022-05-12 00:29:22
Fetched Books By Title,2022-05-12 00:29:22
Fetched All Books,2022-05-12 00:29:22
Fetched All Authors,2022-05-12 00:29:22
Fetched All Authors,2022-05-12 00:29:22
Fetched All Authors,2022-05-12 00:29:22
Fetched All Authors,2022-05-12 00:29:22
Fetched Books By Title,2022-05-12 00:29:22
Fetched All Books,2022-05-12 00:29:22
Fetched All Authors,2022-05-12 00:29:22
Fetched All Authors,2022-05-12 00:29:22
Fetched All Authors,2022-05-12 00:29:22
Fetched All Authors,2022-05-12 00:29:22
Fetched Books By Title,2022-05-12 00:29:22
Fetched All Books,2022-05-12 00:29:22
Fetched All Authors,2022-05-12 00:29:22
Fetched All Authors,2022-05-12 00:29:22
Fetched All Authors,2022-05-12 00:29:22
Fetched All Authors,2022-05-12 00:29:22
Fetched Books By Title,2022-05-12 00:29:22
Fetched All Books,2022-05-12 00:29:22
Fetched All Authors,2022-05-12 00:29:22
Fetched All Authors,2022-05-12 00:29:22
Fetched All Authors,2022-05-12 00:29:22
Fetched All Authors,2022-05-12 00:29:22
Fetched Books By Title,2022-05-12 00:29:22
Fetched All Books,2022-05-12 00:29:22
Fetched All Authors,2022-05-12 00:29:22
Fetched All Authors,2022-05-12 00:29:22
Fetched All Authors,2022-05-12 00:29:22
Fetched All Authors,2022-05-12 00:29:22
Fetched Books By Title,2022-05-12 00:29:22
Fetched All Books,2022-05-12 00:29:22
Fetched All Authors,2022-05-12 00:29:22
Fetched All Authors,2022-05-12 00:29:22
Fetched All Authors,2022-05-12 00:29:22
Fetched All Authors,2022-05-12 00:29:22
Fetched Members With Expired Membership,2022-05-12 00:29:22
Fetched All Members,2022-05-12 00:29:22
Fetched Books By Title,2022-05-12 00:29:22
Fetched All Books,2022-05-12 00:29:22
Fetched All Authors,2022-05-12 00:29:22
Fetched All Authors,2022-05-12 00:29:22
Fetched All Authors,2022-05-12 00:29:22
Fetched All Authors,2022-05-12 00:29:22
Fetched Books By Title,2022-05-12 00:29:22
Fetched All Books,2022-05-12 00:29:22
Fetched All Authors,2022-05-12 00:29:22
Fetched All Authors,2022-05-12 00:29:22
Fetched All Authors,2022-05-12 00:29:22
Fetched All Authors,2022-05-12 00:29:22
Fetched Books By Title,2022-05-12 00:29:22
Fetched All Books,2022-05-12 00:29:22
Fetched All Authors,2022-05-12 00:29:22
Fetched All Authors,2022-05-12 00:29:22
Fetched All Authors,2022-05-12 00:29:22
Fetched All Authors,2022-05-12 00:29:22
Fetched Books By Title,2022-05-12 00:29:22
Fetched All Books,2022-05-12 00:29:22
Fetched All Authors,2022-05-12 00:29:22
Fetched All Authors,2022-05-12 00:29:22
Fetched All Authors,2022-05-12 00:29:22
Fetched All Authors,2022-05-12 00:29:22
Fetched Books By Title,2022-05-12 00:29:22
Fetched All Books,2022-05-12 00:29:22
Fetched All Authors,2022-05-12 00:29:22
Fetched All Authors,2022-05-12 00:29:22
Fetched All Authors,2022-05-12 00:29:22
Fetched All Authors,2022-05-12 00:29:22
Fetched Books By Title,2022-05-12 00:29:22
Fetched All Books,2022-05-12 00:29:22
Fetched All Authors,2022-05-12 00:29:22
Fetched All Authors,2022-05-12 00:29:22
Fetched All Authors,2022-05-12 00:29:22
Fetched All Authors,2022-05-12 00:29:22
